country,avg_order_value
France,1286.8978378378379
Germany,1235.7789189189189
Italy,1375.1623529411766
Spain,1360.911956521739
UK,950.0532692307692
USA,1170.7527659574469
